name,street,city,state,zip,price,link,rdi,CMRA
East Windsor,859 US-130 Unit #MAILBOX,East Windsor,NJ,08520,US$9.99/month,https://www.anytimemailbox.com/s/east-windsor-859-us-130,Residential,N
Wood-Ridge,265 HACKENSACK ST Unit #MAILBOX,WOOD RIDGE,NJ,07075,US$9.99/month,https://www.anytimemailbox.com/s/wood-ridge-265-hackensack-street,Residential,N
Elizabeth,1077 North Ave Unit #MAILBOX,Elizabeth,NJ,07201,US$19.99/month,https://www.anytimemailbox.com/s/elizabeth-1077-north-avenue,Residential,N
Hillsborough,450 Amwell Rd Suite J #5 #MAILBOX,Hillsborough,NJ,08844,US$19.99/month,https://www.anytimemailbox.com/s/hillsborough-450-amwell-road,Commercial,N
Las Vegas - Farm Rd,8414 W Farm Rd Ste 180 #MAILBOX,Las Vegas,NV,89131,US$9.99/month,https://www.anytimemailbox.com/s/las-vegas-8414-w-farm-road,Commercial,N
Las Vegas -  Decatur Blvd (2101),2101 S Decatur Blvd Ste 7 #MAILBOX,Las Vegas,NV,89102,US$9.99/month,https://www.anytimemailbox.com/s/las-vegas-2101-s-decatur-blvd,Commercial,N
Las Vegas - S Pecos Road,5075D S Pecos Rd Unit #MAILBOX,Las Vegas,NV,89120,US$11.99/month,https://www.anytimemailbox.com/s/las-vegas-5075d-s-pecos-road,Commercial,N
Lodi,2 Arnot St SUITE 6 Unit #MAILBOX,Lodi,NJ,07644,US$14.99/month,https://www.anytimemailbox.com/s/lodi-2-arnot-street,Commercial,N
Clifton,377 Valley Rd Unit #MAILBOX,Clifton,NJ,07013,US$9.99/month,https://www.anytimemailbox.com/s/clifton-377-valley-road,Commercial,N
Las Vegas - Sunset Rd (8400),8400 West Sunset Road Suite 300 PMB #MAILBOX,Las Vegas,NV,89113,US$49.99/month,https://www.anytimemailbox.com/s/las-vegas-8400-west-sunset-road,Commercial,N
Parsippany - New Rd,181 New Road Suite 304 #MAILBOX,Parsippany,NJ,07054,US$79.99/month,https://www.anytimemailbox.com/s/parsippany-181-new-road,Commercial,N
Edison - Kilmer Rd,6 Kilmer Rd Unit #AMAILBOX,Edison,NJ,08817,US$14.99/month,https://www.anytimemailbox.com/s/edison-6-kilmer-road,Commercial,N
Lambertville,PMB #MAILBOX 1 Cherry St Unit 2,Lambertville,NJ,08530,US$9.99/month,https://www.anytimemailbox.com/s/lambertville-1-cherry-street,Commercial,N
North Las Vegas - N Commerce St,6355 N Commerce St Ste 106 Unit #MAILBOX,North Las Vegas,NV,89031,US$7.99/month,https://www.anytimemailbox.com/s/north-las-vegas-6355-n-commerce-street,Commercial,N
Pine Brook,330 Changebridge Road Suite 101 #MAILBOX,Pine Brook,NJ,07058,US$79.99/month,https://www.anytimemailbox.com/s/pine-brook-330-changebridge-road,Commercial,N
Jersey City - Town Square Pl,111 Town Square Place Suite 1201 Unit #MAILBOX,Jersey City,NJ,07310,US$69.99/month,https://www.anytimemailbox.com/s/jersey-city-111-town-square-place,Commercial,N
Teaneck,1150 Teaneck Rd Unit #MAILBOX,Teaneck,NJ,07666,US$19.99/month,https://www.anytimemailbox.com/s/teaneck-1150-teaneck-road,Commercial,N
Las Vegas - Sahara Ave (8635),8635 W Sahara Ave Unit #MAILBOX,Las Vegas,NV,89117,US$9.99/month,https://www.anytimemailbox.com/s/las-vegas-8635-w-sahara-avenue,Commercial,N
Little Egg Harbor,112 Giffordtown Ln Unit #MAILBOX,Little Egg Harbor,NJ,08087,US$9.99/month,https://www.anytimemailbox.com/s/little-egg-harbor-112-giffordtown-lane,Commercial,N
Dayton,485 Georges Rd Ste 202 #MAILBOX,Dayton,NJ,08810,US$9.99/month,https://www.anytimemailbox.com/s/dayton-485-georges-road,Commercial,N
Jersey City - Grove St,344 Grove St Unit #MAILBOX,Jersey City,NJ,07302,US$14.99/month,https://www.anytimemailbox.com/s/jersey-city-344-grove-street,Commercial,N
Plainfield,108 Watchung Ave Unit #MAILBOX,Plainfield,NJ,07060,US$14.99/month,https://www.anytimemailbox.com/s/plainfield-108-watchung-avenue,Commercial,N
Morristown,44 Washington St Unit #MAILBOX,Morristown,NJ,07960,US$9.99/month,https://www.anytimemailbox.com/s/morristown-44-washington-street,Commercial,N
Egg Harbor Township,2600 Tilton Rd Unit #MAILBOX,Egg Harbor Township,NJ,08234,US$9.99/month,https://www.anytimemailbox.com/s/egg-harbor-township-2600-tilton-road,Commercial,N
Newark - Jefferson St,188 Jefferson Street Unit #MAILBOX,Newark,NJ,07105,US$17.99/month,https://www.anytimemailbox.com/s/newark-188-jefferson-street,Commercial,N
Freehold,865 NJ 33 Business Ste 3 Unit #MAILBOX,Freehold,NJ,07728,US$9.99/month,https://www.anytimemailbox.com/s/freehold-865-nj-33-business,Commercial,N
Mahwah,479 State Rte. 17 N Unit #MAILBOX,Mahwah,NJ,07430,US$19.99/month,https://www.anytimemailbox.com/s/mahwah-479-state-route-17-north,Commercial,N
Hackettstown - Schooleys Mountain Rd,470 Schooleys Mountain Road # MAILBOX,Hackettstown,NJ,07840-4096,US$9.99/month,https://www.anytimemailbox.com/s/hackettstown-470-schooleys-mountain-road,Commercial,N
Las Vegas - Durango Dr (7345),7345 S Durango Dr Ste B-107 #MAILBOX,Las Vegas,NV,89113,US$9.99/month,https://www.anytimemailbox.com/s/las-vegas-7345-s-durango-drive,Commercial,N
Egg Harbor City,115 Philadelphia Ave Ste B #MAILBOX,Egg Harbor City,NJ,08215,US$9.99/month,https://www.anytimemailbox.com/s/egg-harbor-city-115-philadelphia-avenue,Commercial,N
Bridgewater,991 US-22 Ste 200 #MAILBOX,Bridgewater,NJ,08807,US$29.99/month,https://www.anytimemailbox.com/s/bridgewater-991-us-22,Commercial,N
Budd Lake,98 US Hwy 46 Ste 7 #MAILBOX,Budd Lake,NJ,07828,US$9.99/month,https://www.anytimemailbox.com/s/budd-lake-98-us-highway-46,Commercial,N
Las Vegas - Blue Diamond Rd,5155 Blue Diamond Rd Ste 102 #MAILBOX,Las Vegas,NV,89139,US$9.99/month,https://www.anytimemailbox.com/s/las-vegas-5155-blue-diamond-road,Commercial,N
Edison - Talmadge Rd,180 Talmadge Rd Unit #MAILBOX,Edison,NJ,08817,US$9.99/month,https://www.anytimemailbox.com/s/edison-180-talmadge-road,Commercial,N
